Wavelength(A),Level(A)
1528.675928357448,9.715090396012345e-13
1528.7246479905664,1e-12
1528.7733707292198,1.029223784208462e-12
1528.822096573705,1.2678374950649772e-11
1528.8708255243196,1.3045240579776042e-11
1528.9195575813599,1.4585357752659348e-07
1528.968292745123,1.5000450498375023e-07
1529.0170310159065,7.44507379537803e-08
1529.065772394007,7.657500237109005e-08
1529.114516879722,1e-12
1529.1632644733486,1.027672496934402e-12
1529.2120151751842,1e-12
1529.2607689855256,1.0282529157621774e-12
1529.3095259046709,3.1989020362104945e-12
1529.3582859329167,3.2848100267937262e-12
1529.4070490705608,8.45929047992835e-08
1529.4558153179007,8.702502572865026e-08
1529.5045846752334,1e-12
1529.5533571428573,1.026805191752458e-12
1529.6021327210688,1e-12
1529.6509114101664,1.0253062050428794e-12
1529.6996932104475,1e-12
1529.7484781222095,1.0255472087341282e-12
1529.7972661457502,1e-12
1529.8460572813676,1.0253974522703341e-12
1529.8948515293591,1e-12
1529.943648890023,1.0244038738084776e-12
1529.9924493636568,3.105524090636061e-07
1530.0412529505584,3.1786847662977916e-07
1530.0900596510255,3.894826883600765e-12
1530.1388694653565,3.985106568448526e-12
1530.1876823938496,1.8605667028903385e-07
1530.2364984368023,1.902532380315424e-07
1530.2853175945127,7.626848355514484e-12
1530.3341398672792,7.791974546927921e-12
1530.3829652553998,1e-12
1530.431793759173,1.0202573041017568e-12
1530.4806253788965,1.097667517168174e-07
1530.5294601148692,1.1199626198986584e-07
1530.5782979673888,2.2733335324070893e-11
1530.6271389367541,2.3168200943793217e-11
1530.6759830232631,2.0088409819945372e-08
1530.7248302272149,2.045671594653533e-08
1530.7736805489071,3.0930342014136614e-11
1530.8225339886385,3.1470245879185246e-11
1530.871390546708,8.294343060982097e-09
1530.9202502234139,8.431211503443661e-09
1530.9691130190545,4.9584412299007896e-11
1531.0179789339293,5.0365594000906996e-11
1531.066847968336,1.3941733475244416e-08
1531.115720122574,1.4141980308065973e-08
1531.1645953969419,1.5660622120453718e-10
1531.2134737917386,1.586864052710635e-10
1531.2623553072626,1e-12
1531.311239943813,1.0121085554822881e-12
1531.3601277016887,5.548349777397505e-09
1531.4090185811888,5.609405109511817e-09
1531.4579125826122,4.174691904019203e-10
1531.506809706258,4.212243040435042e-10
1531.555709952425,1e-12
1531.6046133214127,1.0086607691957046e-12
1531.6535198135198,9.966332505594792e-10
1531.7024294290459,1.0030118165862476e-09
1531.75134216829,2.3599681769795247e-07
1531.8002580315513,2.373330326301293e-07
1531.8491770191295,3.64969183814295e-07
1531.8980991313235,3.6657422392907423e-07
1531.947024368433,1.4767675779603697e-09
1531.995952730757,1.4807972605667414e-09
1532.0448842185954,2.518575633629381e-10
1532.0938188322473,2.522360277111927e-10
1532.1427565720126,2.459474341793765e-07
1532.1916974381907,2.4586447290733293e-07
1532.2406414310815,1.7088986336731167e-09
1532.289588550984,1.70551666144027e-09
1532.3385387981982,2.462057982350571e-10
1532.3874921730242,2.45294503574046e-10
1532.4364486757613,8.771046257104876e-09
1532.4854083067094,8.721858434636848e-09
1532.5343710661682,1e-12
1532.583336954438,9.93067624748632e-13
1532.6323059718184,1e-12
1532.6812781186095,9.905888105229588e-13
1532.730253395111,1e-12
1532.7792318016234,9.89378818040479e-13
1532.8282133384464,1e-12
1532.8771980058802,9.872718278599963e-13
1532.926185804225,1e-12
1532.9751767337807,9.85386825376233e-13
1533.024170794848,2.398283769856087e-11
1533.073167987727,2.361666995860067e-11
1533.1221683127178,2.773923261382027e-08
1533.1711717701207,2.7252462882313153e-08
1533.2201783602366,1.7650824100176502e-11
1533.2691880833652,1.7309015474774306e-11
1533.3182009398076,1.1319161043030736e-07
1533.3672169298638,1.1077280276017559e-07
1533.4162360538346,1e-12
1533.4652583120205,9.768206947220253e-13
1533.514283704722,1e-12
1533.56331223224,9.748866373892032e-13
1533.6123438948748,6.0096066596082145e-12
1533.6613786929274,5.846382698523488e-12
1533.7104166266986,1.6659871812359086e-06
1533.759457696489,1.6178488308729199e-06
1533.8085019025996,1.0091281032349973e-07
1533.8575492453313,9.800031368129506e-08
1533.9065997249847,2.391915693188147e-12
1533.9556533418613,2.314827962849951e-12
1534.0047100962615,5.4870753928193e-07
1534.0537699884865,5.303637577099677e-07
1534.1028330188376,5.519605113167417e-07
1534.1518991876158,5.336373690978697e-07
1534.2009684951222,1.681266725182917e-07
1534.250040941658,1.6206439458814438e-07
1534.2991165275246,4.785726237540073e-07
1534.3481952530228,4.611390882154201e-07
1534.3972771184542,1.9923997250305117e-06
1534.4463621241202,1.917302437471911e-06
1534.4954502703222,0.00036327423043730354
1534.5445415573613,0.0003488845152368343
1534.5936359855393,0.0009630990563573947
1534.6427335551575,0.0009247426190747882
1534.6918342665174,0.0009848761620311753
1534.7409381199207,0.0009445162441290631
1534.7900451156688,0.0009118876104002605
1534.8391552540636,0.000874094486820274
1534.888268535407,0.0008432136235340912
1534.93738496,0.0008082410259036285
1534.986504528145,0.0007793920077006867
1535.0356272401434,0.0007461844289343763
1535.0847530962972,0.0007125362516386726
1535.1338820969083,0.0006820735524624319
1535.1830142422787,0.0006397337875440511
1535.2321495327103,0.0006129395395132997
1535.281287968505,0.0004440853984177156
1535.3304295499647,0.0004255270065117014
1535.3795742773918,0.00028475110567049565
1535.4287221510883,0.00027238674216497363
1535.4778731713564,0.0002358636605977437
1535.5270273384979,0.00022598352109092846
1535.5761846528158,0.00022171014670393238
1535.6253451146113,0.00021230682282689958
1535.6745087241875,0.0002013094762003341
1535.7236754818468,0.00019272397467262178
1535.772845387891,0.00017921639611391652
1535.822018442623,0.0001717546213985824
1535.871194646345,0.00016660938384913907
1535.9203739993595,0.0001596395163706113
1535.9695565019695,0.00017147540096442175
1536.0187421544767,0.00016441819784371816
1536.0679309571844,0.0003878259339070172
1536.1171229103952,0.00037179782469738714
1536.1663180144114,0.0007151973457977413
1536.2155162695362,0.0006861341060283309
1536.264717676072,0.0007677387543295239
1536.313922234322,0.0007376162129493724
1536.3631299445885,0.000706431909241693
1536.4123408071748,0.0006790949730589381
1536.4615548223837,0.0006590336311519395
1536.5107719905182,0.0006340451564372996
1536.5599923118814,0.0006129757695089236
1536.609215786776,0.0005901683910029343
1536.6584424155053,0.0005650007009646882
1536.7076721983724,0.0005446794909888141
1536.7569051356807,0.000495222016977578
1536.806141227733,0.00047804685150368287
1536.8553804748326,0.0002546134571613912
1536.904622877283,0.0002460251539220637
1536.9538684353872,0.00010279434984859506
1537.0031171494488,9.939873430241464e-05
1537.0523690197713,6.8278620531479e-05
1537.101624046658,6.616915010189804e-05
1537.1508822304118,6.386913171877899e-05
1537.2001435713369,6.194704001375908e-05
1537.2494080697368,5.9537323877625636e-05
1537.298675725915,5.779136236961778e-05
1537.3479465401751,5.474092979487817e-05
1537.3972205128207,5.3174133248027564e-05
1537.4464976441552,5.329076285367093e-05
1537.495777934483,5.1880197014364795e-05
1537.5450613841074,6.52604779888182e-05
1537.5943479933326,6.355730282055727e-05
1537.6436377624618,0.00018747754053115713
1537.6929306917996,0.00018294645780919837
1537.7422267816498,0.0006134895219797208
1537.791526032316,0.0005993672065182611
1537.8408284441025,0.000701100947969287
1537.8901340173134,0.0006848582738188656
1537.9394427522523,0.0006738603021273758
1537.9887546492241,0.0006599775337122261
1538.0380697085322,0.0006441217455438749
1538.0873879304816,0.00063144121252451
1538.136709315376,0.0006172791471361675
1538.1860338635197,0.0006049431965604435
1538.2353615752172,0.0005932098980211329
1538.2846924507728,0.0005827911644553594
1538.3340264904912,0.0005252489672405973
1538.383363694676,0.000515963554091836
1538.4327040636324,0.0002803162318568836
1538.4820475976649,0.0002754715666220279
1538.531394297078,7.527984513781479e-05
1538.5807441621762,7.406028919089735e-05
1538.630097193264,3.128641691124525e-05
1538.679453390646,3.0837211442786955e-05
1538.7288127546274,3.152593803637254e-05
1538.7781752855126,3.108725572707414e-05
1538.8275409836065,3.0518470632046967e-05
1538.8769098492141,3.011648659265583e-05
1538.9262818826398,2.859967889986636e-05
1538.975657084189,2.8260105127803832e-05
1539.0250354541663,2.732457975694245e-05
1539.0744169928769,2.6997722274494112e-05
1539.1238017006258,3.419297349259521e-05
1539.1731895777177,3.379103214799737e-05
1539.2225806244585,0.00010490543797456249
1539.2719748411525,0.00010396296680572095
1539.3213722281057,0.00039111867249821676
1539.3707727856224,0.0003865339952571908
1539.4201765140087,0.0004268538270602054
1539.4695834135696,0.0004239687349062825
1539.5189934846103,0.0004227434383585312
1539.5684067274362,0.0004187616183796845
1539.6178231423528,0.0004127905397796369
1539.6672427296655,0.00040980337478700995
1539.71666548968,0.00040464924720643206
1539.7660914227017,0.00040151331401869434
1539.8155205290361,0.0004010454027365743
1539.8649528089886,0.00039836625368332195
1539.9143882628657,0.0003656671978153624
1539.963826890972,0.0003632541620394147
1540.0132686936142,0.00019693732171961127
1540.0627136710975,0.00019589339020625272
1540.1121618237278,4.335861775906831e-05
1540.161613151811,4.315671587582092e-05
1540.2110676556529,2.382294519698851e-05
1540.2605253355596,2.3709377741903254e-05
1540.3099861918372,2.439928544462994e-05
1540.3594502247913,2.4283667999173352e-05
1540.4089174347282,2.348489323463695e-05
1540.458387821954,2.3402831980419326e-05
1540.5078613867747,2.3287340979829386e-05
1540.5573381294964,2.320382564138671e-05
1540.6068180504255,2.3911063077792276e-05
1540.6563011498683,2.383957372587869e-05
1540.7057874281309,2.5422223438377296e-05
1540.7552768855196,2.534943415965627e-05
1540.804769522341,0.00012689022450154558
1540.8542653389013,0.0001266212737942615
1540.903764335507,0.00044315159323473475
1540.9532665124648,0.0004423807289695877
1541.0027718700806,0.00047104337809307387
1541.0522804086615,0.0004698247255970787
1541.101792128514,0.00047602981984809354
1541.1513070299447,0.00047585319286047074
1541.2008251132602,0.000472161857792341
1541.2503463787673,0.00047163570643176566
1541.2998708267728,0.0004676059125845168
1541.3493984575834,0.00046701405798320225
1541.3989292715062,0.0004662149670152148
1541.4484632688475,0.00046611062508809234
1541.4980004499148,0.0004617895470731221
1541.5475408150148,0.00046140724355131073
1541.5970843644543,0.00023551302565027167
1541.6466310985409,0.00023542507571872831
1541.696181017581,4.5121315987771644e-05
1541.7457341218822,4.512170802334699e-05
1541.7952904117515,2.5001087212971254e-05
1541.844849887496,2.499617231080198e-05
1541.894412549423,2.156496882868025e-05
1541.9439783978398,2.158984183536856e-05
1541.9935474330537,2.2325436391839837e-05
1542.0431196553718,2.2338781493548028e-05
1542.092695065102,2.4486665090646066e-05
1542.1422736625514,2.450859665806354e-05
1542.1918554480276,2.1304493045972093e-05
1542.241440421838,2.130766945940893e-05
1542.29102858429,2.3888114661231653e-05
1542.3406199356914,2.392726270666596e-05
1542.3902144763497,0.0001849450734577061
1542.4398122065727,0.00018526102754168962
1542.489413126668,0.0005284770372558531
1542.5390172369437,0.0005289965167359236
1542.588624537707,0.0006097755479700054
1542.638235029266,0.0006103090287370237
1542.6878487119286,0.0006175147722230193
1542.7374655860028,0.0006180973743158307
1542.7870856517964,0.0006177516399176607
1542.8367089096173,0.0006194611680138551
1542.8863353597735,0.0006183043061009368
1542.9359650025733,0.0006191323379808007
1542.9855978383246,0.0006224209405662404
1543.0352338673358,0.0006235567825251816
1543.084873089915,0.0006109417751670185
1543.13451550637,0.0006118754167917725
1543.1841611170094,0.00029480674430552503
1543.2338099221415,0.00029544847647922274
1543.2834619220746,5.347057429037285e-05
1543.3331171171171,5.3513113077066036e-05
1543.3827755075774,2.806132148644483e-05
1543.432437093764,2.812745653450749e-05
1543.4821018759856,2.58511369518956e-05
1543.5317698545502,2.590205251448433e-05
1543.5814410297667,2.408117290166702e-05
1543.6311154019438,2.414066681021636e-05
1543.68079297139,2.226937761309021e-05
1543.7304737384138,2.230338756585874e-05
1543.7801577033244,2.492923791215854e-05
1543.8298448664307,2.4995452706312687e-05
1543.8795352280408,2.8662808962395617e-05
1543.9292287884641,2.8729737208586852e-05
1543.978925548009,0.00016087381775516796
1544.0286255069852,0.000161145104619247
1544.0783286657008,0.00043910154493279904
1544.1280350244656,0.00044033149293493795
1544.1777445835883,0.0005230242421174701
1544.2274573433779,0.0005241543218549245
1544.2771733041436,0.0005301005326122144
1544.3268924661945,0.0005314621891279259
1544.37661482984,0.0005330378142165066
1544.4263403953894,0.0005347802797082997
1544.4760691631516,0.0005351967261791482
1544.5258011334363,0.0005363557462928069
1544.5755363065527,0.0005429358225137891
1544.6252746828106,0.0005442407884166139
1544.6750162625187,0.0005314377713517985
1544.7247610459874,0.000532843408709549
1544.7745090335256,0.00023008910591188904
1544.824260225443,0.0002305366206944817
1544.874014622049,4.773873431198699e-05
1544.9237722236537,4.7828745876433e-05
1544.9735330305666,2.799524763150742e-05
1545.0232970430975,2.80797635362258e-05
1545.0730642615558,2.6809072648654342e-05
1545.1228346862517,2.688779058821937e-05
1545.1726083174951,2.5098469399639678e-05
1545.2223851555955,2.5156801813846934e-05
1545.2721652008636,2.8228756527855872e-05
1545.3219484536082,2.8294740863027458e-05
1545.3717349141402,2.7991884272761714e-05
1545.4215245827695,2.8069075035994076e-05
1545.471317459806,3.5468517185792944e-05
1545.52111354556,3.555757018076339e-05
1545.5709128403416,0.00018180370928655865
1545.620715344461,0.00018226136304099784
1545.6705210582284,0.0004993555129086824
1545.7203299819541,0.0005007280873346281
1545.7701421159486,0.0005908615360388084
1545.8199574605221,0.0005921924393042395
1545.869776015985,0.0005970802684485674
1545.919597782648,0.0005984198846438223
1545.9694227608213,0.0006016048533672216
1546.0192509508156,0.00060325629881482
1546.0690823529412,0.0006049398970935644
1546.118916967509,0.0006062084956722359
1546.1687547948297,0.0006094019713992771
1546.2185958352138,0.0006106367010088505
1546.2684400889718,0.0005847297827719296
1546.3182875564153,0.000586406900722697
1546.3681382378543,0.0002505681071025797
1546.4179921336,0.0002510806932174009
1546.467849243963,5.818552606430522e-05
1546.5177095692545,5.8301729292026756e-05
1546.5675731097856,3.183943883214704e-05
1546.617439865867,3.191758935825384e-05
1546.6673098378099,2.9302422243656233e-05
1546.7171830259256,2.9361377600076683e-05
1546.7670594305246,2.92176019985939e-05
1546.8169390519188,2.9259007041404175e-05
1546.8668218904188,2.987940990852571e-05
1546.9167079463364,2.9956507387935912e-05
1546.9665972199825,3.099247835570408e-05
1547.0164897116688,3.1053147141723816e-05
1547.0663854217062,3.6346886329970884e-05
1547.1162843504064,3.641779444148983e-05
1547.1661864980808,0.00017826400209548264
1547.2160918650409,0.00017869590055094315
1547.2660004515983,0.0005375076919349806
1547.3159122580646,0.0005385573998012798
1547.365827284751,0.0006414305576893888
1547.4157455319698,0.0006425057473019283
1547.4656670000322,0.000647179061349162
1547.5155916892504,0.000648569383330992
1547.5655195999354,0.0006490965475161324
1547.6154507324,0.0006504032999184665
1547.665385086955,0.0006508335761689119
1547.7153226639132,0.0006517240960051387
1547.765263463586,0.0006570400947852193
1547.8152074862858,0.0006582876957718981
1547.8651547323243,0.000621641171951371
1547.9151052020136,0.0006225604622556409
1547.9650588956658,0.00026898395002481515
1548.0150158135934,0.00026936485413334924
1548.064975956108,6.256066701528893e-05
1548.1149393235219,6.264493046128562e-05
1548.1649059161475,3.3007991771026054e-05
1548.2148757342975,3.305824276920276e-05
1548.2648487782835,2.904141319142858e-05
1548.3148250484182,2.908626901549666e-05
1548.3648045450143,2.962387541307102e-05
1548.414787268384,2.965159903958452e-05
1548.4647732188398,3.05078299248421e-05
1548.514762396694,3.054392515901156e-05
1548.56475480226,3.063973986652075e-05
1548.6147504358496,3.065220086053401e-05
1548.6647492977754,3.815332510463099e-05
1548.7147513883508,3.822196151817101e-05
1548.764756707888,0.00018741355749065473
1548.8147652567002,0.0001876521303471824
1548.8647770350997,0.0005650533408058138
1548.9147920433995,0.0005652491598884495
1548.964810281913,0.0006741899282411937
1549.0148317509527,0.000674483502193099
1549.0648564508315,0.0006792890871269233
1549.1148843818628,0.0006799643614858054
1549.1649155443592,0.0006815756320221695
1549.2149499386346,0.0006819674178226337
1549.264987565001,0.0006813344943821187
1549.3150284237724,0.0006816635802970435
1549.365072515262,0.0006818358036615584
1549.415119839783,0.0006823531777417434
1549.4651703976483,0.000647340654071089
1549.5152241891717,0.0006472663722543923
1549.5652812146664,0.00027483078485479335
1549.615341474446,0.0002747992380722277
1549.6654049688236,6.399949236981912e-05
1549.715471698113,6.398846917448473e-05
1549.765541662628,3.22274003838848e-05
1549.8156148626817,3.223850444072534e-05
1549.865691298588,3.151893580090569e-05
1549.9157709706603,3.152311274042955e-05
1549.965853879213,3.142073545254835e-05
1550.0159400245589,3.138472884915751e-05
1550.0660294070124,2.9867600704764685e-05
1550.116122026887,2.985646127675205e-05
1550.1662178844974,3.0737251989452336e-05
1550.2163169801563,3.073818093884012e-05
1550.2664193141786,3.984305726280246e-05
1550.316524886878,3.981369692276013e-05
1550.3666336985682,0.00019661086024380396
1550.4167457495637,0.00019654277649992132
1550.4668610401784,0.0005711542966085024
1550.5169795707266,0.0005706923767461624
1550.5671013415226,0.0006783607250749219
1550.6172263528804,0.0006774578132986777
1550.6673546051143,0.0006820367398109275
1550.7174860985388,0.0006817994194985117
1550.767620833468,0.0006794247832554136
1550.8177588102164,0.000677813650034567
1550.8679000290988,0.0006818297347255933
1550.9180444904293,0.0006813362313148137
1550.9681921945228,0.0006760793717390908
1551.018343141693,0.0006752095591379151
1551.0684973322554,0.0006456351009807978
1551.1186547665243,0.0006447728070255349
1551.1688154448145,0.00028664217629152054
1551.2189793674406,0.0002859906150240969
1551.2691465347175,6.235167534874843e-05
1551.3193169469598,6.227062886988321e-05
1551.3694906044827,3.402331045991103e-05
1551.4196675076007,3.394468873637735e-05
1551.469847656629,3.1416741649210956e-05
1551.5200310518824,3.137376028353626e-05
1551.570217693676,3.145140679474662e-05
1551.620407582325,3.136345850477587e-05
1551.6706007181444,3.0356430179793936e-05
1551.7207971014493,3.029431603140639e-05
1551.7709967325547,3.065006824142185e-05
1551.8211996117761,3.058062210379816e-05
1551.8714057394286,3.547969166469841e-05
1551.9216151158275,3.540936798382994e-05
1551.9718277412885,0.0001857923102701323
1552.0220436161264,0.000185180459116379
1552.072262740657,0.000543932659969184
1552.1224851151956,0.0005422650529446174
1552.1727107400577,0.0006553606587458436
1552.2229396155587,0.0006537041642381372
1552.2731717420147,0.0006540439410787636
1552.323407119741,0.000651693421411563
1552.3736457490534,0.000649989248306847
1552.4238876302675,0.0006490170903875993
1552.474132763699,0.0006459352366925007
1552.5243811496632,0.0006438862018843316
1552.5746327884772,0.0006454715872304308
1552.624887680456,0.0006431240165767382
1552.6751458259153,0.0006186838156828504
1552.7254072251715,0.0006167424578704904
1552.7756718785406,0.00027922791505673807
1552.8259397863385,0.0002782731229828743
1552.8762109488816,5.2211115899941085e-05
1552.9264853664854,5.2068887880027045e-05
1552.9767630394665,2.9733839926901883e-05
1553.0270439681408,2.9639434162942738e-05
1553.077328152825,2.728006298682018e-05
1553.1276155938351,2.7191162647346852e-05
1553.1779062914873,2.976644840010132e-05
1553.2282002460981,2.9653228206412963e-05
1553.2784974579838,3.0608596172925015e-05
1553.3287979274612,3.050957624960577e-05
1553.3791016548464,2.848411443856798e-05
1553.429408640456,2.8389774492872523e-05
1553.4797188846067,3.149004052884078e-05
1553.530032387615,3.1372335833140936e-05
1553.5803491497975,0.00019633697251387336
1553.6306691714713,0.00019558305527180237
1553.6809924529525,0.0005147058694033684
1553.731318994558,0.0005130908123131275
1553.7816487966052,0.0005891752699142494
1553.8319818594102,0.000587154981042187
1553.8823181832906,0.0005844540869135691
1553.932657768563,0.0005819929785811497
1553.9830006155441,0.0005876614374635356
1554.0333467245512,0.0005853315392733744
1554.0836960959016,0.0005842446123112625
1554.134048729912,0.0005821983812532032
1554.1844046268995,0.0005799374740857921
1554.2347637871817,0.000578052087217588
1554.2851262110755,0.0005691542860352066
1554.3354918988982,0.0005671037022779582
1554.3858608509672,0.00026929977611452125
1554.4362330676,0.0002682723808624565
1554.4866085491137,5.205753425868338e-05
1554.5369872958258,5.189366498113192e-05
1554.5873693080537,2.6568271420740044e-05
1554.6377545861153,2.6455936261826463e-05
1554.6881431303277,2.874562132307174e-05
1554.7385349410085,2.8625451970223178e-05
1554.7889300184759,2.627407901696668e-05
1554.8393283630471,2.6188677074744345e-05
1554.8897299750397,2.7110329994805265e-05
1554.9401348547717,2.701966784436179e-05
1554.990543002561,2.581540431679009e-05
1555.0409544187253,2.5700000992422776e-05
1555.0913691035826,2.574308586958048e-05
1555.1417870574505,2.5648074570724276e-05
1555.192208280647,0.00017448244999274405
1555.2426327734906,0.00017378162430391894
1555.2930605362992,0.0004824293500413666
1555.3434915693904,0.00048057643763945183
1555.393925873083,0.0005285578635672903
1555.4443634476945,0.0005264382404096622
1555.4948042935434,0.0005281726442114181
1555.5452484109483,0.0005258619714716073
1555.595695800227,0.0005220695937160381
1555.646146461698,0.0005200967633673855
1555.69660039568,0.0005189983172620417
1555.747057602491,0.0005167762930367873
1555.7975180824494,0.0005104141379884806
1555.8479818358742,0.0005080074958988851
1555.8984488630836,0.0005029139533563607
1555.948919164396,0.0005009670951112101
1555.9993927401304,0.0002623405780631042
1556.0498695906053,0.00026135354989292615
1556.1003497161396,4.632464681397418e-05
1556.1508331170517,4.6135737061183765e-05
1556.2013197936606,2.425367476211171e-05
1556.2518097462853,2.4143364187208764e-05
1556.3023029752442,2.4562684640711704e-05
1556.3527994808567,2.4480567414688934e-05
1556.4032992634416,2.587644809808787e-05
1556.4538023233176,2.5767614739246015e-05
1556.504308660804,2.2795570813959133e-05
1556.55481827622,2.2681536010286983e-05
1556.6053311698847,2.369216723763023e-05
1556.655847342117,2.3594901652279117e-05
1556.7063667932366,2.773717268978751e-05
1556.7568895235622,2.7593335089464424e-05
1556.8074155334134,0.00011331258393460518
1556.8579448231094,0.00011282746945837251
1556.9084773929694,0.0004341020736342526
1556.9590132433134,0.000431886876033429
1557.0095523744603,0.0004610335576473712
1557.06009478673,0.00045854267790074757
1557.1106404804414,0.0004613879895334638
1557.1611894559148,0.0004593498300607086
1557.2117417134693,0.0004538821407556566
1557.262297253425,0.00045148901581172965
1557.3128560761013,0.0004530574740291461
1557.3634181818181,0.0004508540854360749
1557.4139835708952,0.0004423150756763018
1557.4645522436522,0.0004398165972990155
1557.5151242004092,0.00040656169043437384
1557.565699441486,0.00040421715585290123
1557.6162779672024,0.00021062978937404925
1557.6668597778787,0.00020943825456024457
1557.717444873835,4.443367818399524e-05
1557.768033255391,4.417851874117089e-05
1557.818624922867,1.9568830203468844e-05
1557.8692198765834,1.9460724898040526e-05
1557.91981811686,1.892536300222903e-05
1557.970419644017,1.880242735062602e-05
1558.0210244583752,1.942593603196573e-05
1558.0716325602546,1.9303986110240025e-05
1558.1222439499757,2.0440171019160314e-05
1558.1728586278587,2.033103352487438e-05
1558.2234765942242,1.8916460211512504e-05
1558.2740978493925,1.8773951515065973e-05
1558.3247223936844,2.335911879366474e-05
1558.3753502274205,2.3211806984206162e-05
1558.425981350921,0.00010700933417242311
1558.4766157645072,0.00010624294569755652
1558.5272534684993,0.0004371268343910037
1558.577894463218,0.00043423190910069315
1558.6285387489845,0.0004792429113728253
1558.6791863261194,0.0004756954408370574
1558.7298371949437,0.0004768195366865588
1558.780491355778,0.0004733114422079624
1558.8311488089435,0.00046883563355382986
1558.881809554761,0.00046539301836685343
1558.932473593552,0.0004620888370973695
1558.9831409256371,0.0004588594722945476
1559.0338115513375,0.00045510689298302676
1559.0844854709744,0.0004507387746082365
1559.1351626848693,0.00040893856908630707
1559.1858431933429,0.0004058971432310321
1559.2365269967167,0.00019909625688822703
1559.2872140953125,0.00019744775397847515
1559.337904489451,4.1180014015829196e-05
1559.3885981794538,4.084824327015623e-05
1559.4392951656425,1.6526368547457144e-05
1559.4899954483387,1.6381328237898102e-05
1559.5406990278636,1.699766340365755e-05
1559.591405904539,1.684034391297072e-05
1559.6421160786863,1.5742407675108064e-05
1559.6928295506275,1.5612332199219334e-05
1559.7435463206841,1.6111190645924722e-05
1559.7942663891781,1.5976071357848993e-05
1559.8449897564306,1.4880949684136486e-05
1559.8957164227643,1.474838001953102e-05
1559.9464463885004,2.0822541390449542e-05
1559.9971796539612,2.0632799928764102e-05
1560.0479162194686,0.00010081609054957799
1560.0986560853444,9.986011283905712e-05
1560.1493992519108,0.0003933194528555311
1560.20014571949,0.00038964388059794955
1560.2508954884038,0.00045218266433325787
1560.3016485589749,0.0004481588182905865
1560.3524049315247,0.0004448833700194114
1560.403164606376,0.0004408302931881147
1560.453927583851,0.0004383675467806744
1560.5046938642722,0.0004330776597381203
1560.5554634479618,0.00042974088235490617
1560.6062363352419,0.00042625651721659244
1560.6570125264357,0.00041839658618839044
1560.707792021865,0.0004140582978747091
1560.7585748218528,0.0003832025956543594
1560.8093609267214,0.00037906047458962034
1560.8601503367934,0.0001839974326227369
1560.910943052392,0.00018217700157195304
1560.961739073839,3.350347268983609e-05
1561.012538401458,3.3115070733236045e-05
1561.0633410355713,1.3506792243448071e-05
1561.114146976502,1.3380301452539472e-05
1561.164956224573,1.2373184591791618e-05
1561.2157687801068,1.2221099903945395e-05
1561.2665846434268,1.1397585135940736e-05
1561.3174038148557,1.1288301610134494e-05
1561.368226294717,1.3169959396899353e-05
1561.4190520833333,1.300392806958904e-05
1561.469881181028,1.124006747799645e-05
1561.5207135881242,1.1123926984996234e-05
1561.5715493049452,1.4395038316361172e-05
1561.6223883318141,1.4248164258598598e-05
1561.6732306690542,0.00012965966514285674
1561.724076316989,0.00012823588802389718
1561.7749252759418,0.0004398200483112375
1561.825777546236,0.0004353961225519354
1561.8766331281952,0.0005091501459526906
1561.9274920221426,0.0005025513029199819
1561.9783542284022,0.0005001983955663488
1562.0292197472972,0.0004939720579518248
1562.0800885791514,0.0004882440339854609
1562.1309607242886,0.0004836650521366956
1562.181836183032,0.00047973562392919717
1562.2327149557061,0.0004730130824044198
1562.2835970426343,0.0004620430309653549
1562.3344824441403,0.00045659657065453093
1562.3853711605486,0.00044177025301038225
1562.4362631921824,0.000436623154868092
1562.4871585393662,0.0001866909008810701
1562.5380572024237,0.00018453034011783336
1562.588959181679,1.941346050472464e-05
1562.6398644774565,1.918825016634283e-05
1562.6907730900798,8.890033521393844e-06
1562.7416850198736,8.77408636019291e-06
1562.792600267162,7.575824022128964e-06
1562.843518832269,7.489725178074175e-06
1562.8944407155193,7.958823471136155e-06
1562.945365917237,7.870538053950057e-06
1562.9962944377464,6.77474443136936e-06
1563.0472262773724,6.692830702806474e-06
1563.0981614364389,6.138599638911107e-06
1563.1490999152709,6.059888723693267e-06
1563.2000417141926,7.294340020555334e-06
1563.250986833529,7.213429181274689e-06
1563.3019352736042,0.00011644225990851097
1563.3528870347434,0.0001148832603981328
1563.403842117271,0.0005100691289525665
1563.4548005215124,0.0005041205670578743
1563.5057622477918,0.0005285204852475175
1563.556727296434,0.0005215427623324241
1563.6076956677641,0.0005088703320207379
1563.6586673621073,0.0005035258610779524
1563.7096423797882,0.0004985846950283681
1563.760620721132,0.0004927892691218019
1563.8116023864636,0.00048258802262109455
1563.8625873761086,0.0004748436828934427
1563.9135756903916,0.00047226066148704034
1563.964567329638,0.000466026606837279
1564.0155622941734,0.0004293718705826093
1564.0665605843226,0.0004240950057607422
1564.117562200411,0.00020638649836249564
1564.168567142764,0.0002042471287567475
1564.2195754117072,2.8260275987938707e-05
1564.2705870075658,2.7904292515601113e-05
1564.3216019306658,7.19407772789596e-06
1564.372620181332,7.090917139692171e-06
1564.4236417598904,4.951771964443219e-06
1564.4746666666665,4.860569489497106e-06
1564.5256949019863,4.571307528637405e-06
1564.5767264661752,4.5349094016793265e-06
1564.627761359559,4.314399659422192e-06
1564.6787995824634,4.256041082242322e-06
1564.7298411352147,3.7897904017778773e-06
1564.7808860181378,3.7407324001250465e-06
1564.83193423156,7.133167977556385e-06
1564.8829857758058,7.037335041195886e-06
1564.9340406512022,4.0446174910341573e-05
1564.9850988580752,4.0083413222305076e-05
1565.0361603967503,0.00036386633980117175
1565.0872252675542,0.00035633324223393486
1565.1382934708129,0.00041392432690880165
1565.1893650068523,0.00041134510750738085
1565.2404398759993,0.00040098543995162924
1565.2915180785799,0.00039573809507334625
1565.3425996149201,0.0003895717798699664
1565.393684485347,0.0003845457939940419
1565.4447726901865,0.0003793065778262942
1565.495864229765,0.00037338550473661335
1565.5469591044093,0.00036719323727214007
1565.5980573144461,0.00036154096197938464
1565.6491588602016,0.0003330132379145019
1565.7002637420028,0.00032900670954910454
1565.7513719601761,0.00015279327340584421
1565.8024835150486,0.00015119471801561965
1565.8535984069467,2.4081655746463465e-05
1565.9047166361975,2.3799164225185145e-05
1565.9558382031275,4.172194964800877e-06
1566.006963108064,4.129057424135043e-06
1566.0580913513336,2.2932359980658325e-06
1566.1092229332637,2.255651452472858e-06
1566.1603578541808,2.317726041843149e-06
1566.2114961144127,2.288486181362513e-06
1566.2626377142858,1.8555601260569181e-06
1566.3137826541274,1.8307582404152488e-06
1566.364930934265,2.9266860395921287e-06
1566.4160825550257,2.8850465342893112e-06
1566.467237516737,1.7183401351739422e-06
1566.5183958197258,1.6951717431410627e-06
1566.5695574643196,1.6175393006793675e-06
1566.620722450846,1.6065264109507702e-06
1566.6718907796323,5.810962759840022e-11
1566.7230624510062,5.733701446846463e-11
1566.7742374652946,1e-12
1566.8254158228262,9.873902925624159e-13
1566.8765975239278,3.1091158225787075e-08
1566.9277825689271,3.069668997890666e-08
1566.9789709581523,1.7112973125256668e-11
1567.0301626919309,1.6863589499489214e-11
1567.0813577705903,3.415471969414996e-08
1567.132556194459,3.3823791177331504e-08
1567.1837579638645,5.184377780963472e-07
1567.2349630791348,5.092725415218135e-07
